<?xml version="1.0" encoding="UTF-8"?>
<!DOCTYPE generatorConfiguration
        PUBLIC "-//mybatis.org//DTD MyBatis Generator Configuration 1.0//EN"
        "-://mybatis.org/dtd/mybatis-generator-config_1_0.dtd">

<generatorConfiguration>
    <!--数据库驱动jar -->
    <classPathEntry location="/Users/mdk/.m2/repository/mysql/mysql-connector-java/5.1.31/mysql-connector-java-5.1.31.jar" />
    <context id="DB2Tables"  targetRuntime="MyBatis3">      
        <commentGenerator>  
            <property name="suppressDate" value="true"/>  
            <!-- 是否去除自动生成的注释 true：是 ： false:否 -->  
            <property name="suppressAllComments" value="true"/>  
        </commentGenerator>  
        <jdbcConnection driverClass="com.mysql.jdbc.Driver"
                        connectionURL="jdbc:mysql://127.0.0.1:3306/test"
                        userId="root"
                        password="root">
        </jdbcConnection>
        <!--默认false
           Java type resolver will always use java.math.BigDecimal if the database column is of type DECIMAL or NUMERIC.
         -->
        <javaTypeResolver >
            <property name="forceBigDecimals" value="false" />
        </javaTypeResolver>
 
        <!--生成实体类 指定包名 以及生成的地址 （可以自定义地址，但是路径不存在不会自动创建  使用Maven生成在target目录下，会自动创建） -->
        <javaModelGenerator targetPackage="com.test.web.entity" targetProject="Baoxiu">
            <property name="enableSubPackages" value="false" />
            <property name="trimStrings" value="true" />
        </javaModelGenerator>
        <!--生成SQLMAP.xml文件 -->
        <sqlMapGenerator targetPackage="mappings.student"  targetProject="Baoxiu">
            <property name="enableSubPackages" value="false" />
        </sqlMapGenerator>
        <!--生成Dao文件 可以配置 type="XMLMAPPER"生成xml的dao实现  context id="DB2Tables" 修改targetRuntime="MyBatis3"  -->
        <javaClientGenerator type="XMLMAPPER" targetPackage="com.test.dao"  targetProject="Baoxiu">
            <property name="enableSubPackages" value="false" />
        </javaClientGenerator>
 
        <!--对应数据库表 mysql可以加入主键自增 字段命名 忽略某字段等-->
        <table tableName="baoxiu" domainObjectName="Baoxiu" enableCountByExample="false" enableSelectByExample="true" enableUpdateByExample="false" enableDeleteByExample="false" selectByExampleQueryId="false"></table>
    </context>
</generatorConfiguration>