<?xml version="1.0" encoding="UTF-8" ?>
<!DOCTYPE mapper PUBLIC "-//mybatis.org//DTD Mapper 3.0//EN" "http://mybatis.org/dtd/mybatis-3-mapper.dtd" >
<mapper namespace="lsq.dao.ArticleMapper" >
  <resultMap id="BaseResultMap" type="lsq.model.Article" >
    <id column="id" property="id" jdbcType="VARCHAR" />
    <result column="title" property="title" jdbcType="VARCHAR" />
    <result column="author" property="author" jdbcType="VARCHAR" />
    <result column="info_source" property="infoSource" jdbcType="VARCHAR" />
    <result column="paper" property="paper" jdbcType="VARCHAR" />
    <result column="creat_time" property="creatTime" jdbcType="TIMESTAMP" />
    <result column="update_time" property="updateTime" jdbcType="TIMESTAMP" />
    <result column="type" property="type" jdbcType="VARCHAR" />
  </resultMap>
  <resultMap id="ResultMapWithBLOBs" type="lsq.model.Article" extends="BaseResultMap" >
    <result column="content" property="content" jdbcType="LONGVARCHAR" />
  </resultMap>
  <sql id="Base_Column_List" >
    id, title, author, info_source, paper, creat_time, update_time, type
  </sql>
  <sql id="Blob_Column_List" >
    content
  </sql>
  <select id="selectByPrimaryKey" resultMap="ResultMapWithBLOBs" parameterType="java.lang.String" >
    select 
    <include refid="Base_Column_List" />
    ,
    <include refid="Blob_Column_List" />
    from tarticle
    where id = #{id,jdbcType=VARCHAR}
  </select>
  <delete id="deleteByPrimaryKey" parameterType="java.lang.String" >
    delete from tarticle
    where id = #{id,jdbcType=VARCHAR}
  </delete>
  <insert id="insert" parameterType="lsq.model.Article" >
    insert into tarticle (id, title, author, 
      info_source, paper, creat_time, 
      update_time, type, content
      )
    values (#{id,jdbcType=VARCHAR}, #{title,jdbcType=VARCHAR}, #{author,jdbcType=VARCHAR}, 
      #{infoSource,jdbcType=VARCHAR}, #{paper,jdbcType=VARCHAR}, #{creatTime,jdbcType=TIMESTAMP}, 
      #{updateTime,jdbcType=TIMESTAMP}, #{type,jdbcType=VARCHAR}, #{content,jdbcType=LONGVARCHAR}
      )
  </insert>
  <insert id="insertSelective" parameterType="lsq.model.Article" >
    insert into tarticle
    <trim prefix="(" suffix=")" suffixOverrides="," >
      <if test="id != null" >
        id,
      </if>
      <if test="title != null" >
        title,
      </if>
      <if test="author != null" >
        author,
      </if>
      <if test="infoSource != null" >
        info_source,
      </if>
      <if test="paper != null" >
        paper,
      </if>
      <if test="creatTime != null" >
        creat_time,
      </if>
      <if test="updateTime != null" >
        update_time,
      </if>
      <if test="type != null" >
        type,
      </if>
      <if test="content != null" >
        content,
      </if>
    </trim>
    <trim prefix="values (" suffix=")" suffixOverrides="," >
      <if test="id != null" >
        #{id,jdbcType=VARCHAR},
      </if>
      <if test="title != null" >
        #{title,jdbcType=VARCHAR},
      </if>
      <if test="author != null" >
        #{author,jdbcType=VARCHAR},
      </if>
      <if test="infoSource != null" >
        #{infoSource,jdbcType=VARCHAR},
      </if>
      <if test="paper != null" >
        #{paper,jdbcType=VARCHAR},
      </if>
      <if test="creatTime != null" >
        #{creatTime,jdbcType=TIMESTAMP},
      </if>
      <if test="updateTime != null" >
        #{updateTime,jdbcType=TIMESTAMP},
      </if>
      <if test="type != null" >
        #{type,jdbcType=VARCHAR},
      </if>
      <if test="content != null" >
        #{content,jdbcType=LONGVARCHAR},
      </if>
    </trim>
  </insert>
  <update id="updateByPrimaryKeySelective" parameterType="lsq.model.Article" >
    update tarticle
    <set >
      <if test="title != null" >
        title = #{title,jdbcType=VARCHAR},
      </if>
      <if test="author != null" >
        author = #{author,jdbcType=VARCHAR},
      </if>
      <if test="infoSource != null" >
        info_source = #{infoSource,jdbcType=VARCHAR},
      </if>
      <if test="paper != null" >
        paper = #{paper,jdbcType=VARCHAR},
      </if>
      <if test="creatTime != null" >
        creat_time = #{creatTime,jdbcType=TIMESTAMP},
      </if>
      <if test="updateTime != null" >
        update_time = #{updateTime,jdbcType=TIMESTAMP},
      </if>
      <if test="type != null" >
        type = #{type,jdbcType=VARCHAR},
      </if>
      <if test="content != null" >
        content = #{content,jdbcType=LONGVARCHAR},
      </if>
    </set>
    where id = #{id,jdbcType=VARCHAR}
  </update>
  <update id="updateByPrimaryKeyWithBLOBs" parameterType="lsq.model.Article" >
    update tarticle
    set title = #{title,jdbcType=VARCHAR},
      author = #{author,jdbcType=VARCHAR},
      info_source = #{infoSource,jdbcType=VARCHAR},
      paper = #{paper,jdbcType=VARCHAR},
      creat_time = #{creatTime,jdbcType=TIMESTAMP},
      update_time = #{updateTime,jdbcType=TIMESTAMP},
      type = #{type,jdbcType=VARCHAR},
      content = #{content,jdbcType=LONGVARCHAR}
    where id = #{id,jdbcType=VARCHAR}
  </update>
  <update id="updateByPrimaryKey" parameterType="lsq.model.Article" >
    update tarticle
    set title = #{title,jdbcType=VARCHAR},
      author = #{author,jdbcType=VARCHAR},
      info_source = #{infoSource,jdbcType=VARCHAR},
      paper = #{paper,jdbcType=VARCHAR},
      creat_time = #{creatTime,jdbcType=TIMESTAMP},
      update_time = #{updateTime,jdbcType=TIMESTAMP},
      type = #{type,jdbcType=VARCHAR}
    where id = #{id,jdbcType=VARCHAR}
  </update>
</mapper>