<?xml version="1.0" encoding="UTF-8" ?>
<!DOCTYPE mapper PUBLIC "-//mybatis.org//DTD Mapper 3.0//EN" "http://mybatis.org/dtd/mybatis-3-mapper.dtd" >
<mapper namespace="lsq.dao.CreditMapper" >
  <resultMap id="BaseResultMap" type="lsq.model.Credit" >
    <id column="id" property="id" jdbcType="VARCHAR" />
    <result column="credit" property="credit" jdbcType="VARCHAR" />
    <result column="integral" property="integral" jdbcType="BIGINT" />
    <result column="all_integral" property="allIntegral" jdbcType="BIGINT" />
    <result column="update_time" property="updateTime" jdbcType="TIMESTAMP" />
    <result column="creat_time" property="creatTime" jdbcType="TIMESTAMP" />
  </resultMap>
  <sql id="Base_Column_List" >
    id, credit, integral, all_integral, update_time, creat_time
  </sql>
  <select id="selectByPrimaryKey" resultMap="BaseResultMap" parameterType="java.lang.String" >
    select 
    <include refid="Base_Column_List" />
    from tcredit
    where id = #{id,jdbcType=VARCHAR}
  </select>
  <delete id="deleteByPrimaryKey" parameterType="java.lang.String" >
    delete from tcredit
    where id = #{id,jdbcType=VARCHAR}
  </delete>
  <insert id="insert" parameterType="lsq.model.Credit" >
    insert into tcredit (id, credit, integral, 
      all_integral, update_time, creat_time
      )
    values (#{id,jdbcType=VARCHAR}, #{credit,jdbcType=VARCHAR}, #{integral,jdbcType=BIGINT}, 
      #{allIntegral,jdbcType=BIGINT}, #{updateTime,jdbcType=TIMESTAMP}, #{creatTime,jdbcType=TIMESTAMP}
      )
  </insert>
  <insert id="insertSelective" parameterType="lsq.model.Credit" >
    insert into tcredit
    <trim prefix="(" suffix=")" suffixOverrides="," >
      <if test="id != null" >
        id,
      </if>
      <if test="credit != null" >
        credit,
      </if>
      <if test="integral != null" >
        integral,
      </if>
      <if test="allIntegral != null" >
        all_integral,
      </if>
      <if test="updateTime != null" >
        update_time,
      </if>
      <if test="creatTime != null" >
        creat_time,
      </if>
    </trim>
    <trim prefix="values (" suffix=")" suffixOverrides="," >
      <if test="id != null" >
        #{id,jdbcType=VARCHAR},
      </if>
      <if test="credit != null" >
        #{credit,jdbcType=VARCHAR},
      </if>
      <if test="integral != null" >
        #{integral,jdbcType=BIGINT},
      </if>
      <if test="allIntegral != null" >
        #{allIntegral,jdbcType=BIGINT},
      </if>
      <if test="updateTime != null" >
        #{updateTime,jdbcType=TIMESTAMP},
      </if>
      <if test="creatTime != null" >
        #{creatTime,jdbcType=TIMESTAMP},
      </if>
    </trim>
  </insert>
  <update id="updateByPrimaryKeySelective" parameterType="lsq.model.Credit" >
    update tcredit
    <set >
      <if test="credit != null" >
        credit = #{credit,jdbcType=VARCHAR},
      </if>
      <if test="integral != null" >
        integral = #{integral,jdbcType=BIGINT},
      </if>
      <if test="allIntegral != null" >
        all_integral = #{allIntegral,jdbcType=BIGINT},
      </if>
      <if test="updateTime != null" >
        update_time = #{updateTime,jdbcType=TIMESTAMP},
      </if>
      <if test="creatTime != null" >
        creat_time = #{creatTime,jdbcType=TIMESTAMP},
      </if>
    </set>
    where id = #{id,jdbcType=VARCHAR}
  </update>
  <update id="updateByPrimaryKey" parameterType="lsq.model.Credit" >
    update tcredit
    set credit = #{credit,jdbcType=VARCHAR},
      integral = #{integral,jdbcType=BIGINT},
      all_integral = #{allIntegral,jdbcType=BIGINT},
      update_time = #{updateTime,jdbcType=TIMESTAMP},
      creat_time = #{creatTime,jdbcType=TIMESTAMP}
    where id = #{id,jdbcType=VARCHAR}
  </update>
</mapper>