<?xml version="1.0" encoding="UTF-8" ?>
<!DOCTYPE mapper PUBLIC "-//mybatis.org//DTD Mapper 3.0//EN" "http://mybatis.org/dtd/mybatis-3-mapper.dtd" >
<mapper namespace="lsq.dao.TaskMapper" >
  <resultMap id="BaseResultMap" type="lsq.model.Task" >
    <result column="id" property="id" jdbcType="VARCHAR" />
    <result column="name" property="name" jdbcType="VARCHAR" />
    <result column="task_name" property="taskName" jdbcType="VARCHAR" />
    <result column="finish_time" property="finishTime" jdbcType="TIMESTAMP" />
  </resultMap>
  <insert id="insert" parameterType="lsq.model.Task" >
    insert into ttask (id, name, task_name, 
      finish_time)
    values (#{id,jdbcType=VARCHAR}, #{name,jdbcType=VARCHAR}, #{taskName,jdbcType=VARCHAR}, 
      #{finishTime,jdbcType=TIMESTAMP})
  </insert>
  <insert id="insertSelective" parameterType="lsq.model.Task" >
    insert into ttask
    <trim prefix="(" suffix=")" suffixOverrides="," >
      <if test="id != null" >
        id,
      </if>
      <if test="name != null" >
        name,
      </if>
      <if test="taskName != null" >
        task_name,
      </if>
      <if test="finishTime != null" >
        finish_time,
      </if>
    </trim>
    <trim prefix="values (" suffix=")" suffixOverrides="," >
      <if test="id != null" >
        #{id,jdbcType=VARCHAR},
      </if>
      <if test="name != null" >
        #{name,jdbcType=VARCHAR},
      </if>
      <if test="taskName != null" >
        #{taskName,jdbcType=VARCHAR},
      </if>
      <if test="finishTime != null" >
        #{finishTime,jdbcType=TIMESTAMP},
      </if>
    </trim>
  </insert>
</mapper>