<?xml version="1.0" encoding="UTF-8" ?>
<!DOCTYPE mapper PUBLIC "-//mybatis.org//DTD Mapper 3.0//EN" "http://mybatis.org/dtd/mybatis-3-mapper.dtd" >
<mapper namespace="lsq.dao.UserMapper" >
  <resultMap id="BaseResultMap" type="lsq.model.User" >
    <id column="id" property="id" jdbcType="VARCHAR" />
    <result column="name" property="name" jdbcType="VARCHAR" />
    <result column="email" property="email" jdbcType="VARCHAR" />
    <result column="telephone" property="telephone" jdbcType="VARCHAR" />
    <result column="qq" property="qq" jdbcType="VARCHAR" />
    <result column="twitter" property="twitter" jdbcType="VARCHAR" />
    <result column="intro" property="intro" jdbcType="VARCHAR" />
    <result column="creat_time" property="creatTime" jdbcType="TIMESTAMP" />
    <result column="update_time" property="updateTime" jdbcType="TIMESTAMP" />
    <result column="sex" property="sex" jdbcType="CHAR" />
    <result column="head_portrait" property="headPortrait" jdbcType="VARCHAR" />
    <result column="level_info" property="levelInfo" jdbcType="INTEGER" />
    <result column="credit" property="credit" jdbcType="VARCHAR" />
  </resultMap>
  <sql id="Base_Column_List" >
    id, name, email, telephone, qq, twitter, intro, creat_time, update_time, sex, head_portrait, 
    level_info, credit
  </sql>
  <select id="selectByPrimaryKey" resultMap="BaseResultMap" parameterType="java.lang.String" >
    select 
    <include refid="Base_Column_List" />
    from tuser
    where id = #{id,jdbcType=VARCHAR}
  </select>
  <delete id="deleteByPrimaryKey" parameterType="java.lang.String" >
    delete from tuser
    where id = #{id,jdbcType=VARCHAR}
  </delete>
  <insert id="insert" parameterType="lsq.model.User" >
    insert into tuser (id, name, email, 
      telephone, qq, twitter, 
      intro, creat_time, update_time, 
      sex, head_portrait, level_info, 
      credit)
    values (#{id,jdbcType=VARCHAR}, #{name,jdbcType=VARCHAR}, #{email,jdbcType=VARCHAR}, 
      #{telephone,jdbcType=VARCHAR}, #{qq,jdbcType=VARCHAR}, #{twitter,jdbcType=VARCHAR}, 
      #{intro,jdbcType=VARCHAR}, #{creatTime,jdbcType=TIMESTAMP}, #{updateTime,jdbcType=TIMESTAMP}, 
      #{sex,jdbcType=CHAR}, #{headPortrait,jdbcType=VARCHAR}, #{levelInfo,jdbcType=INTEGER}, 
      #{credit,jdbcType=VARCHAR})
  </insert>
  <insert id="insertSelective" parameterType="lsq.model.User" >
    insert into tuser
    <trim prefix="(" suffix=")" suffixOverrides="," >
      <if test="id != null" >
        id,
      </if>
      <if test="name != null" >
        name,
      </if>
      <if test="email != null" >
        email,
      </if>
      <if test="telephone != null" >
        telephone,
      </if>
      <if test="qq != null" >
        qq,
      </if>
      <if test="twitter != null" >
        twitter,
      </if>
      <if test="intro != null" >
        intro,
      </if>
      <if test="creatTime != null" >
        creat_time,
      </if>
      <if test="updateTime != null" >
        update_time,
      </if>
      <if test="sex != null" >
        sex,
      </if>
      <if test="headPortrait != null" >
        head_portrait,
      </if>
      <if test="levelInfo != null" >
        level_info,
      </if>
      <if test="credit != null" >
        credit,
      </if>
    </trim>
    <trim prefix="values (" suffix=")" suffixOverrides="," >
      <if test="id != null" >
        #{id,jdbcType=VARCHAR},
      </if>
      <if test="name != null" >
        #{name,jdbcType=VARCHAR},
      </if>
      <if test="email != null" >
        #{email,jdbcType=VARCHAR},
      </if>
      <if test="telephone != null" >
        #{telephone,jdbcType=VARCHAR},
      </if>
      <if test="qq != null" >
        #{qq,jdbcType=VARCHAR},
      </if>
      <if test="twitter != null" >
        #{twitter,jdbcType=VARCHAR},
      </if>
      <if test="intro != null" >
        #{intro,jdbcType=VARCHAR},
      </if>
      <if test="creatTime != null" >
        #{creatTime,jdbcType=TIMESTAMP},
      </if>
      <if test="updateTime != null" >
        #{updateTime,jdbcType=TIMESTAMP},
      </if>
      <if test="sex != null" >
        #{sex,jdbcType=CHAR},
      </if>
      <if test="headPortrait != null" >
        #{headPortrait,jdbcType=VARCHAR},
      </if>
      <if test="levelInfo != null" >
        #{levelInfo,jdbcType=INTEGER},
      </if>
      <if test="credit != null" >
        #{credit,jdbcType=VARCHAR},
      </if>
    </trim>
  </insert>
  <update id="updateByPrimaryKeySelective" parameterType="lsq.model.User" >
    update tuser
    <set >
      <if test="name != null" >
        name = #{name,jdbcType=VARCHAR},
      </if>
      <if test="email != null" >
        email = #{email,jdbcType=VARCHAR},
      </if>
      <if test="telephone != null" >
        telephone = #{telephone,jdbcType=VARCHAR},
      </if>
      <if test="qq != null" >
        qq = #{qq,jdbcType=VARCHAR},
      </if>
      <if test="twitter != null" >
        twitter = #{twitter,jdbcType=VARCHAR},
      </if>
      <if test="intro != null" >
        intro = #{intro,jdbcType=VARCHAR},
      </if>
      <if test="creatTime != null" >
        creat_time = #{creatTime,jdbcType=TIMESTAMP},
      </if>
      <if test="updateTime != null" >
        update_time = #{updateTime,jdbcType=TIMESTAMP},
      </if>
      <if test="sex != null" >
        sex = #{sex,jdbcType=CHAR},
      </if>
      <if test="headPortrait != null" >
        head_portrait = #{headPortrait,jdbcType=VARCHAR},
      </if>
      <if test="levelInfo != null" >
        level_info = #{levelInfo,jdbcType=INTEGER},
      </if>
      <if test="credit != null" >
        credit = #{credit,jdbcType=VARCHAR},
      </if>
    </set>
    where id = #{id,jdbcType=VARCHAR}
  </update>
  <update id="updateByPrimaryKey" parameterType="lsq.model.User" >
    update tuser
    set name = #{name,jdbcType=VARCHAR},
      email = #{email,jdbcType=VARCHAR},
      telephone = #{telephone,jdbcType=VARCHAR},
      qq = #{qq,jdbcType=VARCHAR},
      twitter = #{twitter,jdbcType=VARCHAR},
      intro = #{intro,jdbcType=VARCHAR},
      creat_time = #{creatTime,jdbcType=TIMESTAMP},
      update_time = #{updateTime,jdbcType=TIMESTAMP},
      sex = #{sex,jdbcType=CHAR},
      head_portrait = #{headPortrait,jdbcType=VARCHAR},
      level_info = #{levelInfo,jdbcType=INTEGER},
      credit = #{credit,jdbcType=VARCHAR}
    where id = #{id,jdbcType=VARCHAR}
  </update>
</mapper>