<?xml version="1.0" encoding="UTF-8" ?>
<!DOCTYPE mapper PUBLIC "-//mybatis.org//DTD Mapper 3.0//EN" "http://mybatis.org/dtd/mybatis-3-mapper.dtd" >
<mapper namespace="lsq.dao.LdpaMtxfjlbMapper" >
  <resultMap id="BaseResultMap" type="lsq.model.LdpaMtxfjlb" >
    <id column="ID" property="id" jdbcType="VARCHAR" />
    <result column="DATE" property="date" jdbcType="DATE" />
    <result column="TIME" property="time" jdbcType="VARCHAR" />
    <result column="CONSUMPTION_TYPE" property="consumptionType" jdbcType="VARCHAR" />
    <result column="EXPENDITURE" property="expenditure" jdbcType="REAL" />
    <result column="INCOME" property="income" jdbcType="REAL" />
  </resultMap>
  <resultMap id="ResultMapWithBLOBs" type="lsq.model.LdpaMtxfjlb" extends="BaseResultMap" >
    <result column="REMARK" property="remark" jdbcType="LONGVARCHAR" />
  </resultMap>
  <sql id="Base_Column_List" >
    ID, DATE, TIME, CONSUMPTION_TYPE, EXPENDITURE, INCOME
  </sql>
  <sql id="Blob_Column_List" >
    REMARK
  </sql>
  <select id="selectByPrimaryKey" resultMap="ResultMapWithBLOBs" parameterType="java.lang.String" >
    select 
    <include refid="Base_Column_List" />
    ,
    <include refid="Blob_Column_List" />
    from ldpa_mtxfjlb
    where ID = #{id,jdbcType=VARCHAR}
  </select>
  <select id="selectByDate" resultMap="ResultMapWithBLOBs" parameterType="java.util.Date" >
    select 
    <include refid="Base_Column_List" />
    ,
    <include refid="Blob_Column_List" />
    from ldpa_mtxfjlb
    where DATE = #{month,jdbcType=DATE}
  </select>
  <select id="selectByMonth" resultMap="ResultMapWithBLOBs" parameterType="java.lang.String" >
    select 
    <include refid="Base_Column_List" />
    ,
    <include refid="Blob_Column_List" />
    from ldpa_mtxfjlb
    where DATE like #{date,jdbcType=VARCHAR} ORDER BY DATE
  </select>
  <select id="selectAllInfo" resultMap="ResultMapWithBLOBs" >
    select 
    <include refid="Base_Column_List" />
    ,
    <include refid="Blob_Column_List" />
    from ldpa_mtxfjlb ORDER BY DATE
  </select>
  <delete id="deleteByPrimaryKey" parameterType="java.lang.String" >
    delete from ldpa_mtxfjlb
    where ID = #{id,jdbcType=VARCHAR}
  </delete>
  <insert id="insert" parameterType="lsq.model.LdpaMtxfjlb" >
    insert into ldpa_mtxfjlb (ID, DATE, TIME, 
      CONSUMPTION_TYPE, EXPENDITURE, INCOME, 
      REMARK)
    values (#{id,jdbcType=VARCHAR}, #{date,jdbcType=DATE}, #{time,jdbcType=VARCHAR}, 
      #{consumptionType,jdbcType=VARCHAR}, #{expenditure,jdbcType=REAL}, #{income,jdbcType=REAL}, 
      #{remark,jdbcType=LONGVARCHAR})
  </insert>
  <insert id="insertSelective" parameterType="lsq.model.LdpaMtxfjlb" >
    insert into ldpa_mtxfjlb
    <trim prefix="(" suffix=")" suffixOverrides="," >
      <if test="id != null" >
        ID,
      </if>
      <if test="date != null" >
        DATE,
      </if>
      <if test="time != null" >
        TIME,
      </if>
      <if test="consumptionType != null" >
        CONSUMPTION_TYPE,
      </if>
      <if test="expenditure != null" >
        EXPENDITURE,
      </if>
      <if test="income != null" >
        INCOME,
      </if>
      <if test="remark != null" >
        REMARK,
      </if>
    </trim>
    <trim prefix="values (" suffix=")" suffixOverrides="," >
      <if test="id != null" >
        #{id,jdbcType=VARCHAR},
      </if>
      <if test="date != null" >
        #{date,jdbcType=DATE},
      </if>
      <if test="time != null" >
        #{time,jdbcType=VARCHAR},
      </if>
      <if test="consumptionType != null" >
        #{consumptionType,jdbcType=VARCHAR},
      </if>
      <if test="expenditure != null" >
        #{expenditure,jdbcType=REAL},
      </if>
      <if test="income != null" >
        #{income,jdbcType=REAL},
      </if>
      <if test="remark != null" >
        #{remark,jdbcType=LONGVARCHAR},
      </if>
    </trim>
  </insert>
  <update id="updateByPrimaryKeySelective" parameterType="lsq.model.LdpaMtxfjlb" >
    update ldpa_mtxfjlb
    <set >
      <if test="date != null" >
        DATE = #{date,jdbcType=DATE},
      </if>
      <if test="time != null" >
        TIME = #{time,jdbcType=VARCHAR},
      </if>
      <if test="consumptionType != null" >
        CONSUMPTION_TYPE = #{consumptionType,jdbcType=VARCHAR},
      </if>
      <if test="expenditure != null" >
        EXPENDITURE = #{expenditure,jdbcType=REAL},
      </if>
      <if test="income != null" >
        INCOME = #{income,jdbcType=REAL},
      </if>
      <if test="remark != null" >
        REMARK = #{remark,jdbcType=LONGVARCHAR},
      </if>
    </set>
    where ID = #{id,jdbcType=VARCHAR}
  </update>
  <update id="updateByPrimaryKeyWithBLOBs" parameterType="lsq.model.LdpaMtxfjlb" >
    update ldpa_mtxfjlb
    set DATE = #{date,jdbcType=DATE},
      TIME = #{time,jdbcType=VARCHAR},
      CONSUMPTION_TYPE = #{consumptionType,jdbcType=VARCHAR},
      EXPENDITURE = #{expenditure,jdbcType=REAL},
      INCOME = #{income,jdbcType=REAL},
      REMARK = #{remark,jdbcType=LONGVARCHAR}
    where ID = #{id,jdbcType=VARCHAR}
  </update>
  <update id="updateByPrimaryKey" parameterType="lsq.model.LdpaMtxfjlb" >
    update ldpa_mtxfjlb
    set DATE = #{date,jdbcType=DATE},
      TIME = #{time,jdbcType=VARCHAR},
      CONSUMPTION_TYPE = #{consumptionType,jdbcType=VARCHAR},
      EXPENDITURE = #{expenditure,jdbcType=REAL},
      INCOME = #{income,jdbcType=REAL}
    where ID = #{id,jdbcType=VARCHAR}
  </update>
</mapper>