<?xml version="1.0" encoding="UTF-8" ?>
<!DOCTYPE mapper PUBLIC "-//mybatis.org//DTD Mapper 3.0//EN" "http://mybatis.org/dtd/mybatis-3-mapper.dtd" >
<mapper namespace="lsq.dao.PhotoMapper" >
  <resultMap id="BaseResultMap" type="lsq.model.Photo" >
    <result column="name" property="name" jdbcType="VARCHAR" />
    <result column="creat_time" property="creatTime" jdbcType="TIMESTAMP" />
    <result column="url" property="url" jdbcType="VARCHAR" />
    <result column="type" property="type" jdbcType="VARCHAR" />
  </resultMap>
  <insert id="insert" parameterType="lsq.model.Photo" >
    insert into tphoto (name, creat_time, url, 
      type)
    values (#{name,jdbcType=VARCHAR}, #{creatTime,jdbcType=TIMESTAMP}, #{url,jdbcType=VARCHAR}, 
      #{type,jdbcType=VARCHAR})
  </insert>
  <insert id="insertSelective" parameterType="lsq.model.Photo" >
    insert into tphoto
    <trim prefix="(" suffix=")" suffixOverrides="," >
      <if test="name != null" >
        name,
      </if>
      <if test="creatTime != null" >
        creat_time,
      </if>
      <if test="url != null" >
        url,
      </if>
      <if test="type != null" >
        type,
      </if>
    </trim>
    <trim prefix="values (" suffix=")" suffixOverrides="," >
      <if test="name != null" >
        #{name,jdbcType=VARCHAR},
      </if>
      <if test="creatTime != null" >
        #{creatTime,jdbcType=TIMESTAMP},
      </if>
      <if test="url != null" >
        #{url,jdbcType=VARCHAR},
      </if>
      <if test="type != null" >
        #{type,jdbcType=VARCHAR},
      </if>
    </trim>
  </insert>
</mapper>