<?xml version="1.0" encoding="UTF-8" ?>
<!DOCTYPE mapper PUBLIC "-//mybatis.org//DTD Mapper 3.0//EN" "http://mybatis.org/dtd/mybatis-3-mapper.dtd" >
<mapper namespace="sy.dao.BugMapper" >
  <resultMap id="BaseResultMap" type="sy.model.Bug" >
    <id column="ID" property="id" jdbcType="VARCHAR" />
    <result column="CREATEDATETIME" property="createdatetime" jdbcType="TIMESTAMP" />
    <result column="NAME" property="name" jdbcType="VARCHAR" />
  </resultMap>
  <resultMap id="ResultMapWithBLOBs" type="sy.model.Bug" extends="BaseResultMap" >
    <result column="NOTE" property="note" jdbcType="LONGVARCHAR" />
  </resultMap>
  <sql id="Base_Column_List" >
    ID, CREATEDATETIME, NAME
  </sql>
  <sql id="Blob_Column_List" >
    NOTE
  </sql>
  <select id="selectByPrimaryKey" resultMap="ResultMapWithBLOBs" parameterType="java.lang.String" >
    select 
    <include refid="Base_Column_List" />
    ,
    <include refid="Blob_Column_List" />
    from tbug
    where ID = #{id,jdbcType=VARCHAR}
  </select>
  <delete id="deleteByPrimaryKey" parameterType="java.lang.String" >
    delete from tbug
    where ID = #{id,jdbcType=VARCHAR}
  </delete>
  <insert id="insert" parameterType="sy.model.Bug" >
    insert into tbug (ID, CREATEDATETIME, NAME, 
      NOTE)
    values (#{id,jdbcType=VARCHAR}, #{createdatetime,jdbcType=TIMESTAMP}, #{name,jdbcType=VARCHAR}, 
      #{note,jdbcType=LONGVARCHAR})
  </insert>
  <insert id="insertSelective" parameterType="sy.model.Bug" >
    insert into tbug
    <trim prefix="(" suffix=")" suffixOverrides="," >
      <if test="id != null" >
        ID,
      </if>
      <if test="createdatetime != null" >
        CREATEDATETIME,
      </if>
      <if test="name != null" >
        NAME,
      </if>
      <if test="note != null" >
        NOTE,
      </if>
    </trim>
    <trim prefix="values (" suffix=")" suffixOverrides="," >
      <if test="id != null" >
        #{id,jdbcType=VARCHAR},
      </if>
      <if test="createdatetime != null" >
        #{createdatetime,jdbcType=TIMESTAMP},
      </if>
      <if test="name != null" >
        #{name,jdbcType=VARCHAR},
      </if>
      <if test="note != null" >
        #{note,jdbcType=LONGVARCHAR},
      </if>
    </trim>
  </insert>
  <update id="updateByPrimaryKeySelective" parameterType="sy.model.Bug" >
    update tbug
    <set >
      <if test="createdatetime != null" >
        CREATEDATETIME = #{createdatetime,jdbcType=TIMESTAMP},
      </if>
      <if test="name != null" >
        NAME = #{name,jdbcType=VARCHAR},
      </if>
      <if test="note != null" >
        NOTE = #{note,jdbcType=LONGVARCHAR},
      </if>
    </set>
    where ID = #{id,jdbcType=VARCHAR}
  </update>
  <update id="updateByPrimaryKeyWithBLOBs" parameterType="sy.model.Bug" >
    update tbug
    set CREATEDATETIME = #{createdatetime,jdbcType=TIMESTAMP},
      NAME = #{name,jdbcType=VARCHAR},
      NOTE = #{note,jdbcType=LONGVARCHAR}
    where ID = #{id,jdbcType=VARCHAR}
  </update>
  <update id="updateByPrimaryKey" parameterType="sy.model.Bug" >
    update tbug
    set CREATEDATETIME = #{createdatetime,jdbcType=TIMESTAMP},
      NAME = #{name,jdbcType=VARCHAR}
    where ID = #{id,jdbcType=VARCHAR}
  </update>
</mapper>