<?xml version="1.0" encoding="UTF-8" ?>
<!DOCTYPE mapper PUBLIC "-//mybatis.org//DTD Mapper 3.0//EN" "http://mybatis.org/dtd/mybatis-3-mapper.dtd" >
<mapper namespace="sy.dao.RoleMapper" >
  <resultMap id="BaseResultMap" type="sy.model.Role" >
    <id column="ID" property="id" jdbcType="VARCHAR" />
    <result column="TEXT" property="text" jdbcType="VARCHAR" />
  </resultMap>
  <sql id="Base_Column_List" >
    ID, TEXT
  </sql>
  <select id="selectByPrimaryKey" resultMap="BaseResultMap" parameterType="java.lang.String" >
    select 
    <include refid="Base_Column_List" />
    from trole
    where ID = #{id,jdbcType=VARCHAR}
  </select>
  <delete id="deleteByPrimaryKey" parameterType="java.lang.String" >
    delete from trole
    where ID = #{id,jdbcType=VARCHAR}
  </delete>
  <insert id="insert" parameterType="sy.model.Role" >
    insert into trole (ID, TEXT)
    values (#{id,jdbcType=VARCHAR}, #{text,jdbcType=VARCHAR})
  </insert>
  <insert id="insertSelective" parameterType="sy.model.Role" >
    insert into trole
    <trim prefix="(" suffix=")" suffixOverrides="," >
      <if test="id != null" >
        ID,
      </if>
      <if test="text != null" >
        TEXT,
      </if>
    </trim>
    <trim prefix="values (" suffix=")" suffixOverrides="," >
      <if test="id != null" >
        #{id,jdbcType=VARCHAR},
      </if>
      <if test="text != null" >
        #{text,jdbcType=VARCHAR},
      </if>
    </trim>
  </insert>
  <update id="updateByPrimaryKeySelective" parameterType="sy.model.Role" >
    update trole
    <set >
      <if test="text != null" >
        TEXT = #{text,jdbcType=VARCHAR},
      </if>
    </set>
    where ID = #{id,jdbcType=VARCHAR}
  </update>
  <update id="updateByPrimaryKey" parameterType="sy.model.Role" >
    update trole
    set TEXT = #{text,jdbcType=VARCHAR}
    where ID = #{id,jdbcType=VARCHAR}
  </update>
</mapper>