<?xml version="1.0" encoding="UTF-8" ?>
<!DOCTYPE mapper PUBLIC "-//mybatis.org//DTD Mapper 3.0//EN" "http://mybatis.org/dtd/mybatis-3-mapper.dtd" >
<mapper namespace="sy.dao.RoleResourceMapper" >
  <resultMap id="BaseResultMap" type="sy.model.RoleResource" >
    <id column="ID" property="id" jdbcType="VARCHAR" />
    <result column="RESOURCE_ID" property="resourceId" jdbcType="VARCHAR" />
    <result column="ROLE_ID" property="roleId" jdbcType="VARCHAR" />
  </resultMap>
  <sql id="Base_Column_List" >
    ID, RESOURCE_ID, ROLE_ID
  </sql>
  <select id="selectByPrimaryKey" resultMap="BaseResultMap" parameterType="java.lang.String" >
    select 
    <include refid="Base_Column_List" />
    from trole_tresource
    where ID = #{id,jdbcType=VARCHAR}
  </select>
  <delete id="deleteByPrimaryKey" parameterType="java.lang.String" >
    delete from trole_tresource
    where ID = #{id,jdbcType=VARCHAR}
  </delete>
  <insert id="insert" parameterType="sy.model.RoleResource" >
    insert into trole_tresource (ID, RESOURCE_ID, ROLE_ID
      )
    values (#{id,jdbcType=VARCHAR}, #{resourceId,jdbcType=VARCHAR}, #{roleId,jdbcType=VARCHAR}
      )
  </insert>
  <insert id="insertSelective" parameterType="sy.model.RoleResource" >
    insert into trole_tresource
    <trim prefix="(" suffix=")" suffixOverrides="," >
      <if test="id != null" >
        ID,
      </if>
      <if test="resourceId != null" >
        RESOURCE_ID,
      </if>
      <if test="roleId != null" >
        ROLE_ID,
      </if>
    </trim>
    <trim prefix="values (" suffix=")" suffixOverrides="," >
      <if test="id != null" >
        #{id,jdbcType=VARCHAR},
      </if>
      <if test="resourceId != null" >
        #{resourceId,jdbcType=VARCHAR},
      </if>
      <if test="roleId != null" >
        #{roleId,jdbcType=VARCHAR},
      </if>
    </trim>
  </insert>
  <update id="updateByPrimaryKeySelective" parameterType="sy.model.RoleResource" >
    update trole_tresource
    <set >
      <if test="resourceId != null" >
        RESOURCE_ID = #{resourceId,jdbcType=VARCHAR},
      </if>
      <if test="roleId != null" >
        ROLE_ID = #{roleId,jdbcType=VARCHAR},
      </if>
    </set>
    where ID = #{id,jdbcType=VARCHAR}
  </update>
  <update id="updateByPrimaryKey" parameterType="sy.model.RoleResource" >
    update trole_tresource
    set RESOURCE_ID = #{resourceId,jdbcType=VARCHAR},
      ROLE_ID = #{roleId,jdbcType=VARCHAR}
    where ID = #{id,jdbcType=VARCHAR}
  </update>
</mapper>