<?xml version="1.0" encoding="UTF-8" ?>
<!DOCTYPE mapper PUBLIC "-//mybatis.org//DTD Mapper 3.0//EN" "http://mybatis.org/dtd/mybatis-3-mapper.dtd" >
<mapper namespace="sy.dao.UserRoleMapper" >
  <resultMap id="BaseResultMap" type="sy.model.UserRole" >
    <id column="ID" property="id" jdbcType="VARCHAR" />
    <result column="ROLE_ID" property="roleId" jdbcType="VARCHAR" />
    <result column="USER_ID" property="userId" jdbcType="VARCHAR" />
  </resultMap>
  <sql id="Base_Column_List" >
    ID, ROLE_ID, USER_ID
  </sql>
  <select id="selectByPrimaryKey" resultMap="BaseResultMap" parameterType="java.lang.String" >
    select 
    <include refid="Base_Column_List" />
    from tuser_trole
    where ID = #{id,jdbcType=VARCHAR}
  </select>
  <delete id="deleteByPrimaryKey" parameterType="java.lang.String" >
    delete from tuser_trole
    where ID = #{id,jdbcType=VARCHAR}
  </delete>
  <insert id="insert" parameterType="sy.model.UserRole" >
    insert into tuser_trole (ID, ROLE_ID, USER_ID
      )
    values (#{id,jdbcType=VARCHAR}, #{roleId,jdbcType=VARCHAR}, #{userId,jdbcType=VARCHAR}
      )
  </insert>
  <insert id="insertSelective" parameterType="sy.model.UserRole" >
    insert into tuser_trole
    <trim prefix="(" suffix=")" suffixOverrides="," >
      <if test="id != null" >
        ID,
      </if>
      <if test="roleId != null" >
        ROLE_ID,
      </if>
      <if test="userId != null" >
        USER_ID,
      </if>
    </trim>
    <trim prefix="values (" suffix=")" suffixOverrides="," >
      <if test="id != null" >
        #{id,jdbcType=VARCHAR},
      </if>
      <if test="roleId != null" >
        #{roleId,jdbcType=VARCHAR},
      </if>
      <if test="userId != null" >
        #{userId,jdbcType=VARCHAR},
      </if>
    </trim>
  </insert>
  <update id="updateByPrimaryKeySelective" parameterType="sy.model.UserRole" >
    update tuser_trole
    <set >
      <if test="roleId != null" >
        ROLE_ID = #{roleId,jdbcType=VARCHAR},
      </if>
      <if test="userId != null" >
        USER_ID = #{userId,jdbcType=VARCHAR},
      </if>
    </set>
    where ID = #{id,jdbcType=VARCHAR}
  </update>
  <update id="updateByPrimaryKey" parameterType="sy.model.UserRole" >
    update tuser_trole
    set ROLE_ID = #{roleId,jdbcType=VARCHAR},
      USER_ID = #{userId,jdbcType=VARCHAR}
    where ID = #{id,jdbcType=VARCHAR}
  </update>
</mapper>