<?xml version="1.0" encoding="UTF-8"?>
<!DOCTYPE configuration  
  PUBLIC "-//mybatis.org//DTD Config 3.0//EN"  
  "http://mybatis.org/dtd/mybatis-3-config.dtd"> 
<cnfiguration>
     <!-- 对事务的管理和连接池的配置 -->  
    <environments default="development">  
        <environment id="development">  
            <transactionManager type="JDBC" />  
            <dataSource type="POOLED">  
                <property name="driver" value="${driverClassName}" />  
                <property name="url" value="${jdbc_url}" />  
                <property name="username" value="${jdbc_username}" />  
                <property name="password" value="${jdbc_password}" />  
            </dataSource>  
        </environment>  
    </environments>
    <!-- mapping 文件路径配置 -->  
    <mappers>  
        <mapper resource="lsq/mapping/ArticleMapper.xml" />
        <mapper resource="lsq/mapping/CreditMapper.xml" />  
        <mapper resource="lsq/mapping/LevelMapper.xml" />  
        <mapper resource="lsq/mapping/PhotoMapper.xml" />  
        <mapper resource="lsq/mapping/TaskMapper.xml" />  
        <mapper resource="lsq/mapping/UserMapper.xml" />   
        <mapper resource="lsq/mapping/LdapZhhaodlMapper.xml" />  
        <mapper resource="lsq/mapping/LdpaMtxfjlbMapper.xml" />   
        <mapper resource="lsq/mapping/LdpaZhhaoyeMapper.xml" />   
    </mappers> 
</cnfiguration>