<?xml version="1.0" encoding="UTF-8" ?>
<!DOCTYPE mapper PUBLIC "-//mybatis.org//DTD Mapper 3.0//EN" "http://mybatis.org/dtd/mybatis-3-mapper.dtd" >
<mapper namespace="com.test.dao.BaoxiuMapper" >
  <resultMap id="BaseResultMap" type="com.test.web.entity.Baoxiu" >
    <id column="id" property="id" jdbcType="VARCHAR" />
    <result column="time" property="time" jdbcType="TIMESTAMP" />
    <result column="type" property="type" jdbcType="VARCHAR" />
    <result column="name" property="name" jdbcType="VARCHAR" />
    <result column="phone" property="phone" jdbcType="VARCHAR" />
    <result column="excepted_time" property="exceptedTime" jdbcType="TIMESTAMP" />
    <result column="location" property="location" jdbcType="VARCHAR" />
    <result column="URL" property="url" jdbcType="VARCHAR" />
    <result column="state" property="state" jdbcType="CHAR" />
    <result column="del_flag" property="delFlag" jdbcType="CHAR" />
  </resultMap>
  <sql id="Example_Where_Clause" >
    <where >
      <foreach collection="oredCriteria" item="criteria" separator="or" >
        <if test="criteria.valid" >
          <trim prefix="(" suffix=")" prefixOverrides="and" >
            <foreach collection="criteria.criteria" item="criterion" >
              <choose >
                <when test="criterion.noValue" >
                  and ${criterion.condition}
                </when>
                <when test="criterion.singleValue" >
                  and ${criterion.condition} #{criterion.value}
                </when>
                <when test="criterion.betweenValue" >
                  and ${criterion.condition} #{criterion.value} and #{criterion.secondValue}
                </when>
                <when test="criterion.listValue" >
                  and ${criterion.condition}
                  <foreach collection="criterion.value" item="listItem" open="(" close=")" separator="," >
                    #{listItem}
                  </foreach>
                </when>
              </choose>
            </foreach>
          </trim>
        </if>
      </foreach>
    </where>
  </sql>
  <sql id="Base_Column_List" >
    id, time, type, name, phone, excepted_time, location, URL, state, del_flag
  </sql>
  <select id="selectByExample" resultMap="BaseResultMap" parameterType="com.test.web.entity.BaoxiuExample" >
    select
    <if test="distinct" >
      distinct
    </if>
    'false' as QUERYID,
    <include refid="Base_Column_List" />
    from baoxiu
    <if test="_parameter != null" >
      <include refid="Example_Where_Clause" />
    </if>
    <if test="orderByClause != null" >
      order by ${orderByClause}
    </if>
  </select>
  <select id="selectByPrimaryKey" resultMap="BaseResultMap" parameterType="java.lang.String" >
    select 
    <include refid="Base_Column_List" />
    from baoxiu
    where id = #{id,jdbcType=VARCHAR}
  </select>
  <delete id="deleteByPrimaryKey" parameterType="java.lang.String" >
    delete from baoxiu
    where id = #{id,jdbcType=VARCHAR}
  </delete>
  <insert id="insert" parameterType="com.test.web.entity.Baoxiu" >
    insert into baoxiu (id, time, type, 
      name, phone, excepted_time, 
      location, URL, state, 
      del_flag)
    values (#{id,jdbcType=VARCHAR}, #{time,jdbcType=TIMESTAMP}, #{type,jdbcType=VARCHAR}, 
      #{name,jdbcType=VARCHAR}, #{phone,jdbcType=VARCHAR}, #{exceptedTime,jdbcType=TIMESTAMP}, 
      #{location,jdbcType=VARCHAR}, #{url,jdbcType=VARCHAR}, #{state,jdbcType=CHAR}, 
      #{delFlag,jdbcType=CHAR})
  </insert>
  <insert id="insertSelective" parameterType="com.test.web.entity.Baoxiu" >
    insert into baoxiu
    <trim prefix="(" suffix=")" suffixOverrides="," >
      <if test="id != null" >
        id,
      </if>
      <if test="time != null" >
        time,
      </if>
      <if test="type != null" >
        type,
      </if>
      <if test="name != null" >
        name,
      </if>
      <if test="phone != null" >
        phone,
      </if>
      <if test="exceptedTime != null" >
        excepted_time,
      </if>
      <if test="location != null" >
        location,
      </if>
      <if test="url != null" >
        URL,
      </if>
      <if test="state != null" >
        state,
      </if>
      <if test="delFlag != null" >
        del_flag,
      </if>
    </trim>
    <trim prefix="values (" suffix=")" suffixOverrides="," >
      <if test="id != null" >
        #{id,jdbcType=VARCHAR},
      </if>
      <if test="time != null" >
        #{time,jdbcType=TIMESTAMP},
      </if>
      <if test="type != null" >
        #{type,jdbcType=VARCHAR},
      </if>
      <if test="name != null" >
        #{name,jdbcType=VARCHAR},
      </if>
      <if test="phone != null" >
        #{phone,jdbcType=VARCHAR},
      </if>
      <if test="exceptedTime != null" >
        #{exceptedTime,jdbcType=TIMESTAMP},
      </if>
      <if test="location != null" >
        #{location,jdbcType=VARCHAR},
      </if>
      <if test="url != null" >
        #{url,jdbcType=VARCHAR},
      </if>
      <if test="state != null" >
        #{state,jdbcType=CHAR},
      </if>
      <if test="delFlag != null" >
        #{delFlag,jdbcType=CHAR},
      </if>
    </trim>
  </insert>
  <update id="updateByPrimaryKeySelective" parameterType="com.test.web.entity.Baoxiu" >
    update baoxiu
    <set >
      <if test="time != null" >
        time = #{time,jdbcType=TIMESTAMP},
      </if>
      <if test="type != null" >
        type = #{type,jdbcType=VARCHAR},
      </if>
      <if test="name != null" >
        name = #{name,jdbcType=VARCHAR},
      </if>
      <if test="phone != null" >
        phone = #{phone,jdbcType=VARCHAR},
      </if>
      <if test="exceptedTime != null" >
        excepted_time = #{exceptedTime,jdbcType=TIMESTAMP},
      </if>
      <if test="location != null" >
        location = #{location,jdbcType=VARCHAR},
      </if>
      <if test="url != null" >
        URL = #{url,jdbcType=VARCHAR},
      </if>
      <if test="state != null" >
        state = #{state,jdbcType=CHAR},
      </if>
      <if test="delFlag != null" >
        del_flag = #{delFlag,jdbcType=CHAR},
      </if>
    </set>
    where id = #{id,jdbcType=VARCHAR}
  </update>
  <update id="updateByPrimaryKey" parameterType="com.test.web.entity.Baoxiu" >
    update baoxiu
    set time = #{time,jdbcType=TIMESTAMP},
      type = #{type,jdbcType=VARCHAR},
      name = #{name,jdbcType=VARCHAR},
      phone = #{phone,jdbcType=VARCHAR},
      excepted_time = #{exceptedTime,jdbcType=TIMESTAMP},
      location = #{location,jdbcType=VARCHAR},
      URL = #{url,jdbcType=VARCHAR},
      state = #{state,jdbcType=CHAR},
      del_flag = #{delFlag,jdbcType=CHAR}
    where id = #{id,jdbcType=VARCHAR}
  </update>
</mapper>